Workbook

Sheet Yield Summary
A1: Microgreen | B1: Count | C1: Min | D1: Avg Yield | E1: Max | F1: Std Dev | G1: Lower Range | H1: Higher Range
A2: Amaranth | B2: =COUNTIF('Form Responses 1'!B:B, A2) -> 18 | C2: =IFERROR(__xludf.DUMMYFUNCTION("MIN(FILTER('Form Responses 1'!C:C, 'Form Responses 1'!B:B=A2))"),3.14) -> 3.14 | D2: =AVERAGEIF('Form Responses 1'!B:B, A2, 'Form Responses 1'!C:C) -> 5.1711111 | E2: =IFERROR(__xludf.DUMMYFUNCTION("MAX(FILTER('Form Responses 1'!C:C, 'Form Responses 1'!B:B=A2))"),8.25) -> 8.25 | F2: =IFERROR(__xludf.DUMMYFUNCTION("STDEV(FILTER('Form Responses 1'!C:C, 'Form Responses 1'!B:B=A2))"),1.518280330966154) -> 1.5182803 | G2: =D2-F2 -> 3.6528308 | H2: =D2+F2 -> 6.6893914
A3: Arugula | B3: =COUNTIF('Form Responses 1'!B:B, A3) -> 24 | C3: =IFERROR(__xludf.DUMMYFUNCTION("MIN(FILTER('Form Responses 1'!C:C, 'Form Responses 1'!B:B=A3))"),5.8) -> 5.8 | D3: =AVERAGEIF('Form Responses 1'!B:B, A3, 'Form Responses 1'!C:C) -> 9.4079167 | E3: =IFERROR(__xludf.DUMMYFUNCTION("MAX(FILTER('Form Responses 1'!C:C, 'Form Responses 1'!B:B=A3))"),16.55) -> 16.55 | F3: =IFERROR(__xludf.DUMMYFUNCTION("STDEV(FILTER('Form Responses 1'!C:C, 'Form Responses 1'!B:B=A3))"),3.124163859153451) -> 3.1241639 | G3: =D3-F3 -> 6.2837528 | H3: =D3+F3 -> 12.532081
A4: Basil | B4: =COUNTIF('Form Responses 1'!B:B, A4) -> 19 | C4: =IFERROR(__xludf.DUMMYFUNCTION("MIN(FILTER('Form Responses 1'!C:C, 'Form Responses 1'!B:B=A4))"),1.11) -> 1.11 | D4: =AVERAGEIF('Form Responses 1'!B:B, A4, 'Form Responses 1'!C:C) -> 3.9563158 | E4: =IFERROR(__xludf.DUMMYFUNCTION("MAX(FILTER('Form Responses 1'!C:C, 'Form Responses 1'!B:B=A4))"),9.39) -> 9.39 | F4: =IFERROR(__xludf.DUMMYFUNCTION("STDEV(FILTER('Form Responses 1'!C:C, 'Form Responses 1'!B:B=A4))"),2.3152758667556848) -> 2.3152759 | G4: =D4-F4 -> 1.6410399 | H4: =D4+F4 -> 6.2715917
A5: Beet | B5: =COUNTIF('Form Responses 1'!B:B, A5) -> 14 | C5: =IFERROR(__xludf.DUMMYFUNCTION("MIN(FILTER('Form Responses 1'!C:C, 'Form Responses 1'!B:B=A5))"),1.48) -> 1.48 | D5: =AVERAGEIF('Form Responses 1'!B:B, A5, 'Form Responses 1'!C:C) -> 2.5392857 | E5: =IFERROR(__xludf.DUMMYFUNCTION("MAX(FILTER('Form Responses 1'!C:C, 'Form Responses 1'!B:B=A5))"),3.71) -> 3.71 | F5: =IFERROR(__xludf.DUMMYFUNCTION("STDEV(FILTER('Form Responses 1'!C:C, 'Form Responses 1'!B:B=A5))"),0.7154392334107046) -> 0.71543923 | G5: =D5-F5 -> 1.8238465 | H5: =D5+F5 -> 3.2547249
A6: Buckwheat | B6: =COUNTIF('Form Responses 1'!B:B, A6) -> 0 | C6: =IFERROR(__xludf.DUMMYFUNCTION("MIN(FILTER('Form Responses 1'!C:C, 'Form Responses 1'!B:B=A6))"),"#N/A") -> #N/A | D6: =AVERAGEIF('Form Responses 1'!B:B, A6, 'Form Responses 1'!C:C) -> #DIV/0! | E6: =IFERROR(__xludf.DUMMYFUNCTION("MAX(FILTER('Form Responses 1'!C:C, 'Form Responses 1'!B:B=A6))"),"#N/A") -> #N/A | F6: =IFERROR(__xludf.DUMMYFUNCTION("STDEV(FILTER('Form Responses 1'!C:C, 'Form Responses 1'!B:B=A6))"),"#N/A") -> #N/A | G6: =D6-F6 -> #DIV/0! | H6: =D6+F6 -> #DIV/0!
A7: Broccoli | B7: =COUNTIF('Form Responses 1'!B:B, A7) -> 39 | C7: =IFERROR(__xludf.DUMMYFUNCTION("MIN(FILTER('Form Responses 1'!C:C, 'Form Responses 1'!B:B=A7))"),2.85) -> 2.85 | D7: =AVERAGEIF('Form Responses 1'!B:B, A7, 'Form Responses 1'!C:C) -> 9.1589744 | E7: =IFERROR(__xludf.DUMMYFUNCTION("MAX(FILTER('Form Responses 1'!C:C, 'Form Responses 1'!B:B=A7))"),18.2) -> 18.2 | F7: =IFERROR(__xludf.DUMMYFUNCTION("STDEV(FILTER('Form Responses 1'!C:C, 'Form Responses 1'!B:B=A7))"),3.3818492254291526) -> 3.3818492 | G7: =D7-F7 -> 5.7771251 | H7: =D7+F7 -> 12.540824
A8: Cabbage | B8: =COUNTIF('Form Responses 1'!B:B, A8) -> 16 | C8: =IFERROR(__xludf.DUMMYFUNCTION("MIN(FILTER('Form Responses 1'!C:C, 'Form Responses 1'!B:B=A8))"),5.45) -> 5.45 | D8: =AVERAGEIF('Form Responses 1'!B:B, A8, 'Form Responses 1'!C:C) -> 8.284375 | E8: =IFERROR(__xludf.DUMMYFUNCTION("MAX(FILTER('Form Responses 1'!C:C, 'Form Responses 1'!B:B=A8))"),13.6) -> 13.6 | F8: =IFERROR(__xludf.DUMMYFUNCTION("STDEV(FILTER('Form Responses 1'!C:C, 'Form Responses 1'!B:B=A8))"),2.1763975395134048) -> 2.1763975 | G8: =D8-F8 -> 6.1079775 | H8: =D8+F8 -> 10.460773
A9: Cantaloupe | B9: =COUNTIF('Form Responses 1'!B:B, A9) -> 3 | C9: =IFERROR(__xludf.DUMMYFUNCTION("MIN(FILTER('Form Responses 1'!C:C, 'Form Responses 1'!B:B=A9))"),1.5) -> 1.5 | D9: =AVERAGEIF('Form Responses 1'!B:B, A9, 'Form Responses 1'!C:C) -> 6.14 | E9: =IFERROR(__xludf.DUMMYFUNCTION("MAX(FILTER('Form Responses 1'!C:C, 'Form Responses 1'!B:B=A9))"),8.71) -> 8.71 | F9: =IFERROR(__xludf.DUMMYFUNCTION("STDEV(FILTER('Form Responses 1'!C:C, 'Form Responses 1'!B:B=A9))"),4.026127171364561) -> 4.0261272 | G9: =D9-F9 -> 2.1138728 | H9: =D9+F9 -> 10.166127
A10: Cilantro | B10: =COUNTIF('Form Responses 1'!B:B, A10) -> 0 | C10: =IFERROR(__xludf.DUMMYFUNCTION("MIN(FILTER('Form Responses 1'!C:C, 'Form Responses 1'!B:B=A10))"),"#N/A") -> #N/A | D10: =AVERAGEIF('Form Responses 1'!B:B, A10, 'Form Responses 1'!C:C) -> #DIV/0! | E10: =IFERROR(__xludf.DUMMYFUNCTION("MAX(FILTER('Form Responses 1'!C:C, 'Form Responses 1'!B:B=A10))"),"#N/A") -> #N/A | F10: =IFERROR(__xludf.DUMMYFUNCTION("STDEV(FILTER('Form Responses 1'!C:C, 'Form Responses 1'!B:B=A10))"),"#N/A") -> #N/A | G10: =D10-F10 -> #DIV/0! | H10: =D10+F10 -> #DIV/0!
A11: Kale | B11: =COUNTIF('Form Responses 1'!B:B, A11) -> 0 | C11: =IFERROR(__xludf.DUMMYFUNCTION("MIN(FILTER('Form Responses 1'!C:C, 'Form Responses 1'!B:B=A11))"),"#N/A") -> #N/A | D11: =AVERAGEIF('Form Responses 1'!B:B, A11, 'Form Responses 1'!C:C) -> #DIV/0! | E11: =IFERROR(__xludf.DUMMYFUNCTION("MAX(FILTER('Form Responses 1'!C:C, 'Form Responses 1'!B:B=A11))"),"#N/A") -> #N/A | F11: =IFERROR(__xludf.DUMMYFUNCTION("STDEV(FILTER('Form Responses 1'!C:C, 'Form Responses 1'!B:B=A11))"),"#N/A") -> #N/A | G11: =D11-F11 -> #DIV/0! | H11: =D11+F11 -> #DIV/0!
A12: Mustard | B12: =COUNTIF('Form Responses 1'!B:B, A12) -> 18 | C12: =IFERROR(__xludf.DUMMYFUNCTION("MIN(FILTER('Form Responses 1'!C:C, 'Form Responses 1'!B:B=A12))"),1.0) -> 1 | D12: =AVERAGEIF('Form Responses 1'!B:B, A12, 'Form Responses 1'!C:C) -> 2.9955556 | E12: =IFERROR(__xludf.DUMMYFUNCTION("MAX(FILTER('Form Responses 1'!C:C, 'Form Responses 1'!B:B=A12))"),9.44) -> 9.44 | F12: =IFERROR(__xludf.DUMMYFUNCTION("STDEV(FILTER('Form Responses 1'!C:C, 'Form Responses 1'!B:B=A12))"),1.9465239673724943) -> 1.946524 | G12: =D12-F12 -> 1.0490316 | H12: =D12+F12 -> 4.9420795
A13: Pea | B13: =COUNTIF('Form Responses 1'!B:B, A13) -> 9 | C13: =IFERROR(__xludf.DUMMYFUNCTION("MIN(FILTER('Form Responses 1'!C:C, 'Form Responses 1'!B:B=A13))"),5.34) -> 5.34 | D13: =AVERAGEIF('Form Responses 1'!B:B, A13, 'Form Responses 1'!C:C) -> 10.543333 | E13: =IFERROR(__xludf.DUMMYFUNCTION("MAX(FILTER('Form Responses 1'!C:C, 'Form Responses 1'!B:B=A13))"),18.39) -> 18.39 | F13: =IFERROR(__xludf.DUMMYFUNCTION("STDEV(FILTER('Form Responses 1'!C:C, 'Form Responses 1'!B:B=A13))"),3.648064555349864) -> 3.6480646 | G13: =D13-F13 -> 6.8952688 | H13: =D13+F13 -> 14.191398
A14: Popcorn | B14: =COUNTIF('Form Responses 1'!B:B, A14) -> 2 | C14: =IFERROR(__xludf.DUMMYFUNCTION("MIN(FILTER('Form Responses 1'!C:C, 'Form Responses 1'!B:B=A14))"),6.14) -> 6.14 | D14: =AVERAGEIF('Form Responses 1'!B:B, A14, 'Form Responses 1'!C:C) -> 6.22 | E14: =IFERROR(__xludf.DUMMYFUNCTION("MAX(FILTER('Form Responses 1'!C:C, 'Form Responses 1'!B:B=A14))"),6.3) -> 6.3 | F14: =IFERROR(__xludf.DUMMYFUNCTION("STDEV(FILTER('Form Responses 1'!C:C, 'Form Responses 1'!B:B=A14))"),0.1131370849898477) -> 0.11313708 | G14: =D14-F14 -> 6.1068629 | H14: =D14+F14 -> 6.3331371
A15: Radish | B15: =COUNTIF('Form Responses 1'!B:B, A15) -> 11 | C15: =IFERROR(__xludf.DUMMYFUNCTION("MIN(FILTER('Form Responses 1'!C:C, 'Form Responses 1'!B:B=A15))"),8.38) -> 8.38 | D15: =AVERAGEIF('Form Responses 1'!B:B, A15, 'Form Responses 1'!C:C) -> 13.686364 | E15: =IFERROR(__xludf.DUMMYFUNCTION("MAX(FILTER('Form Responses 1'!C:C, 'Form Responses 1'!B:B=A15))"),20.26) -> 20.26 | F15: =IFERROR(__xludf.DUMMYFUNCTION("STDEV(FILTER('Form Responses 1'!C:C, 'Form Responses 1'!B:B=A15))"),3.67656163480846) -> 3.6765616 | G15: =D15-F15 -> 10.009802 | H15: =D15+F15 -> 17.362925
A16: Strawberry | B16: =COUNTIF('Form Responses 1'!B:B, A16) -> 0 | C16: =IFERROR(__xludf.DUMMYFUNCTION("MIN(FILTER('Form Responses 1'!C:C, 'Form Responses 1'!B:B=A16))"),"#N/A") -> #N/A | D16: =AVERAGEIF('Form Responses 1'!B:B, A16, 'Form Responses 1'!C:C) -> #DIV/0! | E16: =IFERROR(__xludf.DUMMYFUNCTION("MAX(FILTER('Form Responses 1'!C:C, 'Form Responses 1'!B:B=A16))"),"#N/A") -> #N/A | F16: =IFERROR(__xludf.DUMMYFUNCTION("STDEV(FILTER('Form Responses 1'!C:C, 'Form Responses 1'!B:B=A16))"),"#N/A") -> #N/A | G16: =D16-F16 -> #DIV/0! | H16: =D16+F16 -> #DIV/0!
A17: Sunflower | B17: =COUNTIF('Form Responses 1'!B:B, A17) -> 4 | C17: =IFERROR(__xludf.DUMMYFUNCTION("MIN(FILTER('Form Responses 1'!C:C, 'Form Responses 1'!B:B=A17))"),13.3) -> 13.3 | D17: =AVERAGEIF('Form Responses 1'!B:B, A17, 'Form Responses 1'!C:C) -> 14.805 | E17: =IFERROR(__xludf.DUMMYFUNCTION("MAX(FILTER('Form Responses 1'!C:C, 'Form Responses 1'!B:B=A17))"),16.54) -> 16.54 | F17: =IFERROR(__xludf.DUMMYFUNCTION("STDEV(FILTER('Form Responses 1'!C:C, 'Form Responses 1'!B:B=A17))"),1.3532553343696818) -> 1.3532553 | G17: =D17-F17 -> 13.451745 | H17: =D17+F17 -> 16.158255
A18: Wheatgrass | B18: =COUNTIF('Form Responses 1'!B:B, A18) -> 0 | C18: =IFERROR(__xludf.DUMMYFUNCTION("MIN(FILTER('Form Responses 1'!C:C, 'Form Responses 1'!B:B=A18))"),"#N/A") -> #N/A | D18: =AVERAGEIF('Form Responses 1'!B:B, A18, 'Form Responses 1'!C:C) -> #DIV/0! | E18: =IFERROR(__xludf.DUMMYFUNCTION("MAX(FILTER('Form Responses 1'!C:C, 'Form Responses 1'!B:B=A18))"),"#N/A") -> #N/A | F18: =IFERROR(__xludf.DUMMYFUNCTION("STDEV(FILTER('Form Responses 1'!C:C, 'Form Responses 1'!B:B=A18))"),"#N/A") -> #N/A | G18: =D18-F18 -> #DIV/0! | H18: =D18+F18 -> #DIV/0!

Sheet Form Responses 1
A1: Timestamp | B1: Microgreen Type | C1: Yield (oz)
A2: 45826.576 | B2: Arugula | C2: 7
A3: 45829.497 | B3: Cabbage | C3: 5.45
A4: 45829.51 | B4: Radish | C4: 9.1
A5: 45829.516 | B5: Arugula | C5: 6.25
A6: 45829.521 | B6: Arugula | C6: 7.08
A7: 45829.531 | B7: Arugula | C7: 9.4
A8: 45829.541 | B8: Arugula | C8: 10.2
A9: 45829.555 | B9: Arugula | C9: 9.83
A10: 45829.563 | B10: Arugula | C10: 8.36
A11: 45829.576 | B11: Arugula | C11: 9.1
A12: 45829.58 | B12: Broccoli | C12: 4.3
A13: 45829.585 | B13: Broccoli | C13: 2.85
... A178: 45945.852 | B178: Popcorn | C178: 6.3
